Res_stn,Normal_diameter_(mm),SR_NASCET_(%)
1.268928786888608,5.177148484,63.86829534093772
