Res_stn,Normal_diameter_(mm),SR_NASCET_(%)
0.05030004247751593,7.61456,39.8730852472106
0.050728524202123475,6.252269090909092,19.075460022077817
