Res_stn,Normal_diameter_(mm),SR_NASCET_(%)
499.99999999999994,6.817340000000001,74.37551889739986
