Res_stn,Normal_diameter_(mm),SR_NASCET_(%)
5.000817992488277,7.071327272727273,64.91984171674085
3.989586962228908,6.4584860000000015,62.11548650875764
